Fitness,,ExampleReversalStrategy.ExitStrategy.StopLoss
-2.25212205877972,0.01
11.278681280684,0.11
6.10980826376923,0.21
8.0810064623553,0.31
8.158944593059,0.41
8.158944593059,0.51
8.158944593059,0.61
8.56531380555639,0.71
8.56531380555639,0.81
8.56531380555639,0.91
